lfdn;external_lfdn;tester;dispcode;lastpage;quality;duration;v_2;v_3;v_6;v_9;v_10;v_11;v_99;v_100;v_101;v_102;v_103;v_104;v_105;v_106;v_108;v_109;v_110;v_111;v_112;v_113;v_114;v_115;v_116;v_117;v_118;v_119;v_120;v_121;v_122;v_123;v_124;v_125;v_126;v_127;v_128;v_129;v_130;v_131;v_132;v_133;v_134;v_135;v_136;v_137;v_138;v_139;v_140;v_141;v_142;v_143;v_144;v_145;v_153;v_152;v_151;v_150;v_149;v_148;v_154;v_156;v_160;v_161;v_147;v_146;v_157;v_158;v_159;browser;referer;device_type;participant_browser;participant_browser_version;participant_os;participant_device;participant_brand;participant_model;participant_isbot;participant_continent;participant_country;participant_region;participant_city;participant_latitude;participant_longitude;quota;quota_assignment;quota_rejected_id;page_history;hflip;vflip;output_mode;javascript;flash;session_id;language;cleaned;ats;datetime;date_of_last_access;date_of_first_mail;rts5715173;rts5715221;rts5715733;rts5716658;rts5716675;rts5716756;rts5717165
5;0;0;31;5715181;-77;305;2;26;Germany;1;2;1;2;1;1;1;1;1;1;1;1;1;1;1;1;1;2;1;3;1;2;1;2;3;1;1;3;1;1;2;3;3;1;3;1;5;1;1;2;1;3;3;1;4;1;3;1;1;1;1;4;4;1;6;2;1;5;5;3;3;Not like that much;Go back to Real Life;no;"Mozilla/5.0 (Windows NT 10.0; Win64; x64; rv:97.0) Gecko/20100101 Firefox/97.0";https://fh-erfurt.webex.com/;0;0;-99;0;0;0;0;0;0;0;-99;-99;-66;-66;0;-66;0;5715173,5715221,5715733,5716658,5716675,5717159,5717165,5716756,5716756,5716756,5715181;0;1;0;-77;-77;2f1cc6c6aaa3b68b3c3afaa46cbd3307;1;0;1644510604;10.02.2022 16:30;10.02.2022 16:35;0000-00-00 00:00:00;48;82;104;129;169;305;204
2;0;0;31;5715181;-77;387;2;24;Germany;4;1;5;2;1;1;1;1;1;1;1;5;1;1;2;2;2;3;2;2;2;4;3;3;3;3;3;3;4;3;4;3;4;3;4;3;4;3;4;4;3;4;4;4;4;3;4;3;4;5;4;5;4;5;4;2;4;4;4;5;4;Everything was fine;The user interface was great;They where fine;"Mozilla/5.0 (Windows NT 10.0; Win64; x64; rv:96.0) Gecko/20100101 Firefox/96.0";https://fh-erfurt.webex.com/;0;0;-99;0;0;0;0;0;0;0;-99;-99;-66;-66;0;-66;0;5715173,5715221,5715733,5716658,5716675,5717159,5717165,5716756,5716756,5716756,5716756,5716756,5715181;0;0;0;-77;-77;b478a29a95505af4ced9538f6c5bd913;1;0;1644510539;10.02.2022 16:28;10.02.2022 16:35;0000-00-00 00:00:00;52;89;204;258;287;387;294
1;0;0;31;5715181;-77;538;2;32;Germany;2;1;3;2;1;7;5;3;5;2;4;3;2;2;4;2;3;4;3;3;3;3;3;3;3;2;2;2;2;2;2;2;2;2;2;2;2;2;2;2;2;2;2;2;2;2;2;2;2;2;2;2;2;2;2;2;3;3;3;3;3;-;-;-;"Mozilla/5.0 (Windows NT 10.0; Win64; x64) AppleWebKit/537.36 (KHTML, like Gecko) Chrome/97.0.4692.99 Safari/537.36 OPR/83.0.4254.46";https://fh-erfurt.webex.com/;0;0;-99;0;0;0;0;0;0;0;-99;-99;-66;-66;0;-66;0;5715173,5715221,5715733,5716658,5716675,5717159,5717165,5716756,5716756,5716756,5715181;0;1;0;-77;-77;01cb7742d88356760f2801228a580cfb;1;0;1644510539;10.02.2022 16:28;10.02.2022 16:37;0000-00-00 00:00:00;64;181;284;311;507;538;514
6;0;0;31;5715181;-77;596;1;21;Germany;1;2;1;2;1;1;1;1;1;1;1;5;1;1;1;1;1;1;1;5;5;5;1;1;1;1;5;1;1;1;5;1;5;1;1;1;1;1;1;1;5;1;1;1;5;1;5;5;1;1;1;7;7;7;1;2;1;1;1;1;1;Don't use Mozille Hubs.;Don't use Mozille Hubs.;Don't use Mozille Hubs.;"Mozilla/5.0 (Windows NT 10.0; Win64; x64; rv:97.0) Gecko/20100101 Firefox/97.0";https://fh-erfurt.webex.com/;0;0;-99;0;0;0;0;0;0;0;-99;-99;-66;-66;0;-66;0;5715173,5715173,5715173,5715221,5715733,5716658,5716675,5717159,5717165,5716756,5716756,5716756,5715181;1;1;0;-77;-77;7e5491035541af33a8797e90f77232ce;1;0;1644510641;10.02.2022 16:30;10.02.2022 16:40;0000-00-00 00:00:00;53;88;213;360;410;595;497
4;0;0;31;5715181;-77;718;2;22;Germany;4;2;1;1;1;1;1;1;1;1;1;1;1;1;1;1;1;1;1;1;3;3;1;1;1;1;5;1;5;1;5;1;5;1;5;3;1;1;1;1;5;1;3;4;3;3;5;3;1;1;1;1;1;1;1;2;1;5;4;6;5;NoVR;Dont use Mozilla Hubs;Nothing;"Mozilla/5.0 (Windows NT 10.0; Win64; x64) AppleWebKit/537.36 (KHTML, like Gecko) Chrome/98.0.4758.82 Safari/537.36";https://fh-erfurt.webex.com/;0;0;-99;0;0;0;0;0;0;0;-99;-99;-66;-66;0;-66;0;5715173,5715173,5715173,5715173,5715173,5715173,5715173,5715221,5715733,5716658,5716675,5717159,5717165,5716756,5716756,5716756,5715181;0;0;0;-77;-77;ee8be6d385bef9e001b2a55c07396367;1;0;1644510600;10.02.2022 16:30;10.02.2022 16:41;0000-00-00 00:00:00;99;155;335;449;552;718;587
16;0;0;31;5715181;-77;937;2;26;Germany;5;1;5;1;2;5;4;4;4;5;5;3;2;3;1;3;3;3;3;1;1;2;2;2;2;1;5;1;1;1;2;3;2;1;3;1;1;1;5;4;5;3;1;3;5;3;5;3;2;-77;-77;-77;-77;-77;-77;2;3;5;4;3;3;The conference was ok but it feels like a rush by time restrictions, in VR it might be possibe to take a little bit more time for pitches.;It might be better to use the mouse without click to change the viewdircetion, there were problems that the Site was reloaded all 60 seconds so i switched to webex. The Audio quality can be improfed. The possibility for more than x users in a room might be better.;There were Avatars with and without legs, there were diferent Animations between the caracters for symbolize speaking but it was a litle bit confusing.;"Mozilla/5.0 (Windows NT 10.0; Win64; x64; rv:97.0) Gecko/20100101 Firefox/97.0";https://fh-erfurt.webex.com/;0;0;-99;0;0;0;0;0;0;0;-99;-99;-66;-66;0;-66;0;5715173,5715221,5715733,5716658,5716675,5717159,5716756,5715181;0;0;0;-77;-77;f3e5d743be8c28c27c783020c749706b;1;0;1644511256;10.02.2022 16:40;10.02.2022 16:56;0000-00-00 00:00:00;73;166;341;404;499;937;0
23;0;0;31;5715181;-77;469;2;23;Germany;6;1;3;1;1;5;4;3;5;5;5;2;3;5;4;3;2;4;4;4;2;3;4;3;2;3;3;3;3;3;3;3;3;3;5;3;2;4;4;2;4;5;4;2;4;4;3;4;3;5;3;7;4;2;4;2;5;2;3;4;5;it was ok;the speaker location and sound directions are cool;Avatars that are big hide the names - dislike;"Mozilla/5.0 (Windows NT 10.0; Win64; x64; rv:97.0) Gecko/20100101 Firefox/97.0";https://fh-erfurt.webex.com/;0;0;-99;0;0;0;0;0;0;0;-99;-99;-66;-66;0;-66;0;5715173,5715221,5715733,5716658,5716675,5717159,5717165,5716756,5715181;1;0;0;-77;-77;01bbeb624b5aea26e5e9784bf8607d7c;1;0;1644511862;10.02.2022 16:51;10.02.2022 16:58;0000-00-00 00:00:00;50;135;219;232;278;469;286
7;0;0;32;5715181;-77;-1;2;25;Germany;5;2;2;2;1;6;1;5;5;2;5;2;4;3;3;2;2;4;4;4;2;3;3;3;2;4;4;2;3;2;4;2;4;1;4;2;2;1;4;1;5;3;1;2;4;4;4;2;2;5;4;7;2;2;1;2;5;3;6;5;5;the idea is cool, but it was not really optimized i feel like. random people being abloe to sabotage the presentation, no easy way to set up a link for example.;right management must be way better;maybe more options? but then again it was possible to upload one of your own so not really no;"Mozilla/5.0 (Windows NT 10.0; Win64; x64; rv:96.0) Gecko/20100101 Firefox/96.0";https://fh-erfurt.webex.com/;0;0;-99;0;0;0;0;0;0;0;-99;-99;-66;-66;0;-66;0;5715173,5715221,5715733,5716658,5716675,5717159,5717165,5716756,5715181;1;0;0;-77;-77;ee1730117e8c466ba00a0423e9c3462d;1;0;1644510799;10.02.2022 16:33;10.02.2022 18:53;0000-00-00 00:00:00;29;1970;8084;8201;8243;8407;8274
9;0;0;31;5715181;-77;672;2;26;Pakistan;6;2;4;1;1;4;4;4;5;4;5;3;4;3;4;3;5;4;4;2;4;4;4;4;4;4;2;4;4;4;2;4;4;4;3;3;4;3;4;1;2;4;4;5;4;5;2;3;4;6;6;6;7;7;5;1;7;6;4;2;2;The large and well managed confernence;Interaction with Objects models;I customized my own avatar and it's cool feature;"Mozilla/5.0 (Windows NT 10.0; Win64; x64) AppleWebKit/537.36 (KHTML, like Gecko) Chrome/98.0.4758.82 Safari/537.36";https://fh-erfurt.info/;0;0;-99;0;0;0;0;0;0;0;-99;-99;-66;-66;0;-66;0;5715173,5715221,5715733,5716658,5716675,5717159,5717165,5716756,5715181;0;0;0;-77;-77;f7b67eaed09d614169022b449362b7fb;1;0;1644511072;10.02.2022 16:37;10.02.2022 16:49;0000-00-00 00:00:00;252;332;405;457;507;672;545
10;0;0;31;5715181;-77;2114;2;31;Pakistan;7;2;1;2;1;5;4;5;5;5;5;3;5;4;5;5;5;5;4;5;4;5;4;5;4;5;4;4;4;4;4;4;4;4;4;2;4;3;3;3;5;3;3;4;4;4;4;4;3;7;7;6;6;6;6;2;5;6;7;3;2;Audio quality was not so good;.;.;"Mozilla/5.0 (Windows NT 10.0; Win64; x64) AppleWebKit/537.36 (KHTML, like Gecko) Chrome/98.0.4758.82 Safari/537.36";https://fh-erfurt.info/;0;0;-99;0;0;0;0;0;0;0;-99;-99;-66;-66;0;-66;0;5715173,5715173,5715173,5715221,5715733,5716658,5716675,5717159,5717165,5716756,5716756,5716756,5715181;1;0;0;-77;-77;37f6c60223c67e04745cf35f1270ffc5;1;0;1644511077;10.02.2022 16:37;10.02.2022 17:13;0000-00-00 00:00:00;1743;1795;1840;1857;1960;2114;1990
31;0;0;31;5715181;-77;536;2;30;Pakistan;5;1;4;2;1;5;4;7;7;4;4;3;4;3;4;4;5;5;5;3;3;3;4;4;4;4;2;4;2;4;1;4;3;4;3;3;4;4;4;4;1;4;4;4;4;3;2;2;3;5;5;5;5;5;5;1;7;6;6;2;2;As after attending the conference it was informative, amazing , good and smooth actually.;No it was user friendly actually.;Not at the moment. It looks good.;"Mozilla/5.0 (X11; Linux x86_64) AppleWebKit/537.36 (KHTML, like Gecko) Chrome/94.0.4606.81 Safari/537.36";https://fh-erfurt.info/;0;0;-99;0;0;0;0;0;0;0;-99;-99;-66;-66;0;-66;0;5715173,5715221,5715733,5716658,5716675,5717159,5717165,5716756,5716756,5716756,5715181;1;0;0;-77;-77;7daa2d40380a281d9e0af57f32de11a2;1;0;1644582050;11.02.2022 12:20;11.02.2022 12:29;0000-00-00 00:00:00;22;57;97;133;388;536;402
11;0;0;31;5715181;-77;338;1;21;Germany;6;1;5;1;1;4;3;7;6;6;5;4;3;3;3;3;3;3;3;3;3;3;3;3;3;3;3;3;3;3;3;3;3;3;3;3;3;3;3;3;3;3;3;3;3;3;3;3;3;4;4;4;4;4;4;2;4;4;4;4;4;i liked the rooms;the movement is intuitiv;that others have the default ability to create objects;"Mozilla/5.0 (Windows NT 10.0; Win64; x64) AppleWebKit/537.36 (KHTML, like Gecko) Chrome/97.0.4692.99 Safari/537.36";-99;0;0;-99;0;0;0;0;0;0;0;-99;-99;-66;-66;0;-66;0;5715173,5715173,5715173,5715221,5715733,5716658,5716675,5717159,5717165,5716756,5716756,5716756,5715181;0;1;0;-77;-77;6bd45c7d46b6e4517353689344fce758;1;0;1644511113;10.02.2022 16:38;10.02.2022 16:44;0000-00-00 00:00:00;32;177;232;254;266;338;273
18;0;0;31;5715181;-77;222;2;26;Pakistan;4;2;3;2;1;4;3;4;4;4;4;3;2;4;4;4;4;4;4;3;3;3;3;3;3;3;3;3;3;3;3;3;3;3;3;3;3;3;3;3;3;3;3;3;3;3;3;3;3;3;3;4;3;5;3;1;6;6;6;5;5;everything is good;Vr ENVIRONMENT is cool;Really cool avatars i like them;"Mozilla/5.0 (Windows NT 10.0; Win64; x64) AppleWebKit/537.36 (KHTML, like Gecko) Chrome/98.0.4758.82 Safari/537.36";-99;0;0;-99;0;0;0;0;0;0;0;-99;-99;-66;-66;0;-66;0;5715173,5715221,5715733,5716658,5716675,5717159,5717165,5716756,5716756,5716756,5715181;1;1;0;-77;-77;b404527c4234def08627d1a582ab8812;1;0;1644511418;10.02.2022 16:43;10.02.2022 16:47;0000-00-00 00:00:00;33;64;93;104;118;222;126
20;0;0;31;5715181;-77;473;2;25;India;5;2;1;2;1;4;4;5;5;4;5;2;3;3;4;4;4;4;4;2;3;3;4;4;4;4;3;4;2;4;2;4;2;4;3;3;4;4;3;3;3;2;4;4;4;4;4;4;4;6;6;6;6;6;4;1;6;7;7;6;6;Keynote speaker shared valuable information. Liked Watching different genre games.;Environment is good, but internet connectivity and heating issues of system to load more objects.;Avatars were cool.;"Mozilla/5.0 (Macintosh; Intel Mac OS X 10_15_7) AppleWebKit/605.1.15 (KHTML, like Gecko) Version/15.1 Safari/605.1.15";-99;0;0;-99;0;0;0;0;0;0;0;-99;-99;-66;-66;0;-66;0;5715173,5715221,5715733,5716658,5716675,5717159,5717165,5716756,5716756,5716756,5715181;0;0;0;-77;-77;24a1f2327000de8b9ccb37851aed4cc3;1;0;1644511443;10.02.2022 16:44;10.02.2022 16:51;0000-00-00 00:00:00;39;77;138;188;256;473;285
24;0;0;31;5715181;-77;391;2;24;Germany;4;1;2;2;1;5;1;1;4;1;1;3;2;4;4;2;4;4;4;2;2;2;5;4;3;1;1;4;1;1;2;4;2;4;1;3;4;2;3;3;1;3;5;4;4;5;2;1;1;1;7;2;6;6;5;2;5;4;6;7;1;Not enough time for each game.;.;.;"Mozilla/5.0 (Windows NT 10.0; Win64; x64) AppleWebKit/537.36 (KHTML, like Gecko) Chrome/98.0.4758.87 Safari/537.36";-99;0;0;-99;0;0;0;0;0;0;0;-99;-99;-66;-66;0;-66;0;5715173,5715221,5715733,5716658,5716675,5717159,5717165,5716756,5716756,5716756,5715181;1;0;0;-77;-77;2dbbc714e09b1c437a102f67651cf796;1;0;1644511867;10.02.2022 16:51;10.02.2022 16:57;0000-00-00 00:00:00;43;73;147;214;253;391;290
25;0;0;31;5715181;-77;278;3;25;Germany;4;1;4;2;1;4;4;4;5;3;5;1;1;1;1;1;1;1;1;1;1;1;1;1;1;1;5;1;1;1;1;1;1;1;1;1;1;1;1;1;1;1;1;1;1;1;1;1;1;1;1;1;3;1;1;1;1;1;1;1;7;Die Veranstaltung stellte sich leider als absolute Zeitverschwendung heraus.  So etwas stundenlang im Prüfungszeitraum durchzuziehen empfinde ich unnötig.;Mozilla Hubs funktioniert so mäßig.;Mehr Avatare wären gut.;"Mozilla/5.0 (Windows NT 10.0; rv:91.0) Gecko/20100101 Firefox/91.0";-99;0;0;-99;0;0;0;0;0;0;0;-99;-99;-66;-66;0;-66;0;5715173,5715173,5715173,5715221,5715733,5716658,5716675,5717159,5717165,5717165,5717165,5716756,5716756,5716756,5716756,5716756,5715181;0;1;0;-77;-77;e0f91b95204dbb610dc09264d62e47d9;1;0;1644512032;10.02.2022 16:53;10.02.2022 16:58;0000-00-00 00:00:00;25;32;69;82;96;278;111
21;0;0;31;5715181;-77;783;2;20;Germany;3;2;1;1;1;3;2;4;4;5;2;3;4;4;5;3;3;3;3;3;3;2;4;4;3;2;3;4;1;3;4;3;3;4;1;2;3;2;3;3;4;2;3;3;4;5;3;3;3;6;5;5;6;7;4;2;6;6;5;1;1;not really;the room captivity;this aspect was good implemented;"Mozilla/5.0 (Windows NT 10.0; Win64; x64) AppleWebKit/537.36 (KHTML, like Gecko) Chrome/97.0.4692.99 Safari/537.36 OPR/83.0.4254.27";-99;0;0;-99;0;0;0;0;0;0;0;-99;-99;-66;-66;0;-66;0;5715173,5715221,5715733,5716658,5716675,5717159,5717165,5716756,5716756,5716756,5715181;1;1;0;-77;-77;6b0d46c037ad1a458264155fde5f910e;1;0;1644511531;10.02.2022 16:45;10.02.2022 16:58;0000-00-00 00:00:00;45;109;219;304;378;783;422
19;0;0;31;5715181;-77;1026;1;26;India;7;2;1;2;1;7;7;6;1;7;1;5;5;5;5;5;5;3;3;3;4;4;5;5;2;5;1;5;2;5;2;5;1;5;2;5;5;5;5;5;3;5;5;5;5;4;2;2;4;7;7;7;7;7;7;1;7;7;7;1;1;speech of keynote speaker is very helpful and informative. it was very easy to operate the system and meeting people virtually.;It was like a wonder land. Shifting of rooms, designing our room everything was fun and learning.;avatars are like masks we keep and its really fun. It helped to over come stage fear.;"Mozilla/5.0 (Windows NT 10.0; Win64; x64) AppleWebKit/537.36 (KHTML, like Gecko) Chrome/98.0.4758.82 Safari/537.36";-99;0;0;-99;0;0;0;0;0;0;0;-99;-99;-66;-66;0;-66;0;5715173,5715221,5715733,5716658,5716675,5717159,5717165,5716756,5715181;1;0;0;-77;-77;710821d8d0de16f478422786b8bec8b5;1;0;1644511435;10.02.2022 16:43;10.02.2022 17:01;0000-00-00 00:00:00;46;132;283;372;472;1026;502
12;0;0;31;5715181;-77;2454;2;23;Germany;4;1;4;2;1;1;1;4;6;4;1;5;1;3;3;1;1;1;1;1;3;1;1;2;2;1;5;1;3;1;5;2;3;3;3;1;1;1;1;1;1;1;1;1;1;1;1;1;1;1;1;1;1;1;1;4;1;1;1;1;7;Warum müssen wir diesen unsinn von Hubs nutzen wenn 80% nur per Webex dabei sind(hätten wir doch gleich eine ganz normale Abschlusspräsentationen der Projekte im Webex machen können!)?? Und am Ende kommen Sie mit dieser dummen Umfragen über Hubs/Event?  Die Preise haben den Aufwand nicht gerechtfertigt.  Die Bewertung der Spiele bezieht sich nur auf die Präsentation..?? Wer denkt sich sowas bitte aus?? Ich fand das Event im Allgemeinen Zeitverschwendung und finde es scheiße, dass alle einen Raum, Videos und Poster zur Verfügung stellen mussten. Das gehört auch nicht mit zu diesem Kurs! Wo sind jetzt die Abschlusspräsentationen??;ja bitte einfach niemals wieder Hubs benutzen. Danke;Die Umfrage ist komplett unnötig weil 60 Personen nur über Webex an dem Event teilnehmen konnten...;"Mozilla/5.0 (Windows NT 10.0; Win64; x64) AppleWebKit/537.36 (KHTML, like Gecko) Chrome/97.0.4692.99 Safari/537.36";-99;0;0;-99;0;0;0;0;0;0;0;-99;-99;-66;-66;0;-66;0;5715173,5715173,5715173,5715173,5715173,5715221,5715733,5716658,5716675,5717159,5717165,5716756,5715181;1;1;0;-77;-77;8892ae5285817ab15637926f9472b9de;1;0;1644511120;10.02.2022 16:38;10.02.2022 17:19;0000-00-00 00:00:00;1376;1451;1580;1648;1670;2454;1678
27;0;0;31;5715181;-77;593;2;24;Germany;3;1;3;1;1;4;3;4;6;2;1;2;4;4;4;3;4;3;3;4;3;3;5;5;4;3;3;4;1;3;2;3;3;3;2;3;3;3;4;4;2;3;4;3;4;5;2;2;2;5;4;5;5;6;4;2;5;6;5;2;2;It was good and structured;Its sometimes a bit hard to find a feature but it works;The avatars are ok but I don't think they look nice;"Mozilla/5.0 (Linux; Android 11; MI 6) AppleWebKit/537.36 (KHTML, like Gecko) Chrome/88.0.4324.181 Mobile Safari/537.36 (Ecosia android@88.0.4324.181)";-99;0;0;-99;0;0;0;0;0;0;0;-99;-99;-66;-66;0;-66;0;5715173,5715221,5715733,5716658,5716675,5717159,5717165,5716756,5716756,5716756,5715181;1;1;0;-77;-77;c8cd21d510cf1b1b03868f7ea5cf2ee3;1;0;1644516938;10.02.2022 18:15;10.02.2022 18:25;0000-00-00 00:00:00;53;114;209;271;336;593;376
26;0;0;31;5715181;-77;1502;2;23;Germany;7;1;4;1;1;6;5;6;5;4;4;1;3;4;5;4;4;4;4;3;1;1;4;3;4;2;1;3;3;2;4;2;2;4;3;3;4;3;4;3;1;3;4;2;4;5;1;1;2;4;5;5;6;7;6;2;7;7;7;4;2;I liked the interaktion/socialicing in Hubs but would prefer to present Slides/Video/Trailer in Webex.;Maybe improvement of the navigation would make the interaction more intuitiv.;I liked the individual designed Avatars to underline the specific Group's Gamedesign.;"Mozilla/5.0 (Android 11; Mobile; rv:96.0) Gecko/96.0 Firefox/96.0";-99;0;0;-99;0;0;0;0;0;0;0;-99;-99;-66;-66;0;-66;0;5715173,5715221,5715733,5716658,5716675,5717159,5717165,5716756,5716756,5716756,5715181;0;0;0;-77;-77;2a416e79f943ef6b1770185ff391c7ae;1;0;1644516726;10.02.2022 18:12;10.02.2022 18:37;0000-00-00 00:00:00;84;225;552;726;872;1502;991
29;0;0;31;5715181;-77;1289;2;23;Germany;4;2;0;1;1;4;4;4;7;1;4;2;1;4;4;2;5;2;2;5;5;1;4;3;3;1;4;4;1;3;4;3;3;5;5;3;5;1;1;5;4;1;5;3;5;5;1;5;5;1;4;7;7;7;1;2;5;3;3;2;5;Absprachen wurden nicht eingehalten, sehr viel Aufwand;-;-;"Mozilla/5.0 (Windows NT 10.0; Win64; x64) AppleWebKit/537.36 (KHTML, like Gecko) Chrome/98.0.4758.82 Safari/537.36";-99;0;0;-99;0;0;0;0;0;0;0;-99;-99;-66;-66;0;-66;0;5715173,5715173,5715173,5715221,5715733,5716658,5716675,5717159,5717165,5716756,5716756,5716756,5715181;0;1;0;-77;-77;bccef6cd685c9dbe159c33144ed2da09;1;0;1644517522;10.02.2022 18:25;10.02.2022 18:46;0000-00-00 00:00:00;347;555;760;918;968;1289;1173
30;0;0;31;5715181;-77;2209;1;20;Germany;5;2;1;2;1;4;2;4;5;2;3;3;4;4;3;3;3;4;3;4;3;3;4;3;2;2;2;4;1;3;2;4;2;3;2;1;2;2;3;3;4;3;2;3;4;4;4;2;2;4;4;3;5;5;4;2;4;6;6;2;2;-;-;avatars were customizable;"Mozilla/5.0 (Windows NT 10.0; Win64; x64) AppleWebKit/537.36 (KHTML, like Gecko) Chrome/98.0.4758.80 Safari/537.36 Edg/98.0.1108.43";-99;0;0;-99;0;0;0;0;0;0;0;-99;-99;-66;-66;0;-66;0;5715173,5715173,5715173,5715221,5715733,5716658,5716675,5717159,5717165,5716756,5716756,5716756,5715181;1;0;0;-77;-77;cde165f6e63d1835bb0469b22b1e2fbb;1;0;1644531474;10.02.2022 22:17;10.02.2022 22:54;0000-00-00 00:00:00;115;822;962;1210;1732;2209;1999
32;0;0;31;5715181;-77;1568;2;28;Germany;4;2;1;1;1;5;1;1;1;6;1;2;3;3;3;3;3;4;5;5;3;3;2;1;1;4;2;5;2;2;3;5;2;3;1;1;3;1;3;4;5;2;5;1;5;5;4;2;4;7;7;7;2;2;6;2;7;2;7;2;2;i liked the individual booths.  i liked the streaming to follow the presentations comfortable.  i liked the most things at the spoke editor. unfortunately they are some bugs.  i didn't like the extra work involved in designing the stands, becaus the projects was a lot of work as well.;the move, scale and rotation function of spoke have bugs. the objects moved in the wrong direction.;i liked the individual avatars;"Mozilla/5.0 (Windows NT 10.0; Win64; x64; rv:97.0) Gecko/20100101 Firefox/97.0";-99;0;0;-99;0;0;0;0;0;0;0;-99;-99;-66;-66;0;-66;0;5715173,5715173,5715173,5715221,5715733,5716658,5716675,5717159,5717165,5716756,5715181;0;1;0;-77;-77;a77f97c9a5267dadaf0c0d27a1f1153d;1;0;1644619774;11.02.2022 22:49;11.02.2022 23:15;0000-00-00 00:00:00;91;222;457;581;747;1568;844
35;0;0;31;5715181;-77;330;2;21;Germany;3;1;3;2;1;1;1;1;7;1;1;2;2;4;2;1;4;4;2;5;1;5;4;3;1;1;5;4;1;2;1;4;1;4;1;1;1;1;1;3;5;1;3;1;2;3;3;1;1;1;1;4;6;6;6;2;1;3;2;1;1;-;-;-;"Mozilla/5.0 (Windows NT 10.0; Win64; x64) AppleWebKit/537.36 (KHTML, like Gecko) Chrome/98.0.4758.82 Safari/537.36";-99;0;0;-99;0;0;0;0;0;0;0;-99;-99;-66;-66;0;-66;0;5715173,5715221,5715733,5716658,5716658,5716658,5716675,5717159,5717165,5716756,5716756,5716756,5715181;0;1;0;-77;-77;39597cbcc694d8cf84ab88d50abab137;1;0;1644933202;15.02.2022 13:53;15.02.2022 13:58;0000-00-00 00:00:00;42;66;126;183;218;330;242
36;0;0;31;5715181;-77;709;2;26;Pakistan;5;2;3;2;1;3;5;4;5;2;4;3;3;3;3;3;3;3;3;3;3;3;3;3;3;3;2;3;3;3;3;3;3;3;3;3;3;3;3;3;2;3;2;3;3;3;2;3;3;4;4;4;4;4;4;1;5;5;5;4;4;Whole conference was a nice;No suggestion;Avatars was beautiful;"Mozilla/5.0 (Windows NT 10.0; Win64; x64) AppleWebKit/537.36 (KHTML, like Gecko) Chrome/98.0.4758.82 Safari/537.36";-99;0;0;-99;0;0;0;0;0;0;0;-99;-99;-66;-66;0;-66;0;5715173,5715173,5715173,5715221,5715733,5716658,5716675,5717159,5717165,5716756,5716756,5716756,5715181;1;1;0;-77;-77;36fe5f03d7619448592549abdbd4d635;1;0;1645001657;16.02.2022 08:54;16.02.2022 09:06;0000-00-00 00:00:00;116;206;317;398;471;709;518
37;0;0;31;5715181;-77;570;2;34;Germany;5;1;5;2;2;6;5;7;6;5;5;4;3;3;4;4;4;5;3;5;1;2;4;2;3;3;2;4;1;3;2;5;2;4;1;3;4;3;5;4;2;4;5;5;5;5;1;3;4;-77;-77;-77;-77;-77;-77;2;6;7;7;3;1;#NAME?;No suggestions.;Predefined avatars could be better.;"Mozilla/5.0 (Windows NT 10.0; Win64; x64) AppleWebKit/537.36 (KHTML, like Gecko) Chrome/98.0.4758.102 Safari/537.36";-99;0;0;-99;0;0;0;0;0;0;0;-99;-99;-66;-66;0;-66;0;5715173,5715221,5715733,5716658,5716675,5717159,5716756,5716756,5716756,5715181;0;1;0;-77;-77;d4d8c69c69d4f00f801f15f33c5b0cda;1;0;1645029937;16.02.2022 16:45;16.02.2022 16:55;0000-00-00 00:00:00;50;97;194;251;420;570;0
38;0;0;31;5715181;-77;562;2;24;Pakistan;6;1;4;1;2;4;2;2;3;5;4;3;3;4;4;4;3;4;4;4;4;5;5;5;5;5;2;4;3;3;3;5;3;4;2;3;4;4;4;4;2;4;5;5;5;4;1;3;5;-77;-77;-77;-77;-77;-77;1;6;6;6;3;7;customization features were really good but the more you customize the more system lagging was observed.;controls could be improved;there should be an option to use real photos embedded with avatars;"Mozilla/5.0 (Windows NT 10.0; Win64; x64) AppleWebKit/537.36 (KHTML, like Gecko) Chrome/98.0.4758.82 Safari/537.36";-99;0;0;-99;0;0;0;0;0;0;0;-99;-99;-66;-66;0;-66;0;5715173,5715221,5715733,5716658,5716675,5717159,5716756,5716756,5716756,5715181;0;0;0;-77;-77;85e0f8d65a96929d353820d09ad6d84b;1;0;1645112687;17.02.2022 15:44;17.02.2022 15:54;0000-00-00 00:00:00;43;92;239;301;351;562;0
40;0;0;31;5715181;-77;892;1;29;Germany;7;1;5;1;2;5;2;5;5;3;5;1;4;4;4;5;2;5;5;3;1;2;4;4;5;4;2;4;1;4;3;4;2;5;3;4;5;4;4;2;3;4;5;5;5;5;4;2;5;-77;-77;-77;-77;-77;-77;2;6;2;6;1;1;I liked the structure and moderation of the event;I think for students presenting 3D content Social VR is a great tool. I really enjoyed the game booths! However, for the conference and networking hall, I found it to be very crowded and the game controller was not big enough to fit in all attendees.;I liked that some students considered their avatars for their presentation as well (e.g., dressing up as an astronaut). I would appreciate it if everyone would customize their avatar, and maybe there are more default options;"Mozilla/5.0 (Windows NT 10.0; Win64; x64) AppleWebKit/537.36 (KHTML, like Gecko) Chrome/98.0.4758.102 Safari/537.36";-99;0;0;-99;0;0;0;0;0;0;0;-99;-99;-66;-66;0;-66;0;5715173,5715221,5715733,5716658,5716675,5717159,5716756,5716756,5716756,5715181;1;0;0;-77;-77;ba09bc458f331a9b9a9ee4747f4a3b96;1;0;1645188972;18.02.2022 12:56;18.02.2022 13:11;0000-00-00 00:00:00;27;93;202;269;325;892;0
